lambda, Intensity
2.053631884670506338e+02,2.611139819226561421e-15
2.050228199009233663e+02,6.972541441217440389e-15
2.046835777203820328e+02,1.788548994972356999e-14
2.043454563433219562e+02,4.407165299868022388e-14
2.040084502244627345e+02,1.043197647984425192e-13
2.036725538550444696e+02,2.372043337906056991e-13
2.033377617625280891e+02,5.181164731758582400e-13
2.030040685102979978e+02,1.087128653779395147e-12
2.026714686973677431e+02,2.191206188356479417e-12
2.023399569580886350e+02,4.242621707948026432e-12
2.020095279618613517e+02,7.891037998464039830e-12
2.016801764128500167e+02,1.409881852713199568e-11
2.013518970496992893e+02,2.419803315039361018e-11
2.010246846452543821e+02,3.989570786400855714e-11
2.006985340062834950e+02,6.318602628120303204e-11
2.003734399732030340e+02,9.613126857343018061e-11
2.000493974198055867e+02,1.404937691886744391e-10
1.997264012529904562e+02,1.972414631435613119e-10
1.994044464124968670e+02,2.660039758668757560e-10
1.990835278706396991e+02,3.446091474082803414e-10
1.987636406320476965e+02,4.288587107186559617e-10
1.984447797334044026e+02,5.126847871993520120e-10
1.981269402431912567e+02,5.887560556471687875e-10
1.978101172614336463e+02,6.494849683507135560e-10
1.974943059194488058e+02,6.882584979001776100e-10
1.971795013795965872e+02,7.006204690382966908e-10
1.968656988350325037e+02,6.851139669826657022e-10
1.965528935094628764e+02,6.435637627044286500e-10
1.962410806569026249e+02,5.807231030659996297e-10
1.959302555614352741e+02,5.033793397807255135e-10
1.956204135369749793e+02,4.191509265580100696e-10
1.953115499270314785e+02,3.352696454588872769e-10
1.950036601044763245e+02,2.576124220185290704e-10
1.946967394713120996e+02,1.901464087116278025e-10
1.943907834584435079e+02,1.348212082147952875e-10
1.940857875254504563e+02,9.182840970345008382e-11
1.937817471603637216e+02,6.008204034196016404e-11
1.934786578794423235e+02,3.776252648380699141e-11
1.931765152269530574e+02,2.279954468633435296e-11
1.928753147749522157e+02,1.322330655499525784e-11
1.925750521230692129e+02,7.367204400756582349e-12
1.922757228982924858e+02,3.942885208932977517e-12
1.919773227547568695e+02,2.027095961558398869e-12
1.916798473735336472e+02,1.001113330559881425e-12
1.913832924624218492e+02,4.749423986044212661e-13
1.910876537557420534e+02,2.164449208695913726e-13
1.907929270141316920e+02,9.475510513020514885e-14
1.904991080243425188e+02,3.984800630929016037e-14
1.902061925990397526e+02,1.609753352068845276e-14
1.899141765766033814e+02,6.246846575765619442e-15
1.896230558209306594e+02,2.328686911424236836e-15
1.893328262212412483e+02,8.338926110219745792e-16
1.890434836918833241e+02,2.868520183625659038e-16
1.887550241721424413e+02,9.478823909877969286e-17
1.884674436260508230e+02,3.008844625183114514e-17
1.881807380421997493e+02,9.174741332371143648e-18
1.878949034335527131e+02,2.687426881618924157e-18
1.876099358372607639e+02,7.561853269984300067e-19
1.873258313144791316e+02,2.043942132866185456e-19
1.870425859501860941e+02,5.307105328924099276e-20
1.867601958530029265e+02,1.323718318517969734e-20
1.864786571550155827e+02,3.171627770264169030e-21
1.861979660115984530e+02,7.299911677854759938e-22
1.859181186012389162e+02,1.613993421774802689e-22
1.856391111253643942e+02,3.427951557248918271e-23
1.853609398081699169e+02,6.993850628093731277e-24
1.850836008964484449e+02,1.370713815653305261e-24
1.848070906594215046e+02,2.580631467321473516e-25
1.845314053885721819e+02,4.667173523070820000e-26
1.842565413974791966e+02,8.108316047934521397e-27
1.839824950216527668e+02,1.353181805294056901e-27
1.837092626183716106e+02,2.169353825139619025e-28
1.834368405665215391e+02,3.340822447656657890e-29
1.831652252664355558e+02,4.942255111254440319e-30
1.828944131397352635e+02,7.023372200751475972e-31
1.826244006291737776e+02,9.587711784949648874e-32
1.823551841984798898e+02,1.257282924207265743e-32
1.820867603322037098e+02,1.583798127239545184e-33
1.818191255355637281e+02,1.916528994436138690e-34
1.815522763342950441e+02,2.227818077452309060e-35
1.812862092744990150e+02,2.487670260842481563e-36
1.810209209224943550e+02,2.668422942750768400e-37
1.807564078646693702e+02,2.749573152409337284e-38
1.804926667073355020e+02,2.721602229854738078e-39
1.802296940765822058e+02,2.587812382177608713e-40
1.799674866181331083e+02,2.363685451821329307e-41
1.797060409972034165e+02,2.073936155527825420e-42
1.794453538983583769e+02,1.748066946385155631e-43
1.791854220253734127e+02,1.420357720865727641e-44
1.789262421010949708e+02,1.831671848588715909e-45
1.786678108673028760e+02,1.025708610052178492e-44
1.784101250845736786e+02,1.360743778720039386e-43
1.781531815321454530e+02,1.747979078255536688e-42
1.778969770077837040e+02,2.157066339931218072e-41
1.776415083276480402e+02,2.557052439658596352e-40
1.773867723261604681e+02,2.911820026933941668e-39
1.771327658558745952e+02,3.185210830625509442e-38
1.768794857873460842e+02,3.347037666524727750e-37
1.766269290090039590e+02,3.378561095144031309e-36
1.763750924270234464e+02,3.276059000728269680e-35
1.761239729651993571e+02,3.051549460218830055e-34
1.758735675648209735e+02,2.730472917358349865e-33
1.756238731845479037e+02,2.346951386724538125e-32
1.753748868002868448e+02,1.937845173637890258e-31
1.751266054050695118e+02,1.537031677655966775e-30
1.748790260089318167e+02,1.171103615549320945e-29
1.746321456387934177e+02,8.571495199592750905e-29
1.743859613383390581e+02,6.026520131666144915e-28
1.741404701679003608e+02,4.070290422513071113e-27
1.738956692043390717e+02,2.640784397003417818e-26
1.736515555409307581e+02,1.645846216871936754e-25
1.734081262872498428e+02,9.853586257517336830e-25
1.731653785690556049e+02,5.666933976197988706e-24
1.729233095281790042e+02,3.130766974148149873e-23
1.726819163224105012e+02,1.661506696064978037e-22
1.724411961253888705e+02,8.470366632648110741e-22
1.722011461264907553e+02,4.148117814393597304e-21
1.719617635307213845e+02,1.951410859501618187e-20
1.717230455586061169e+02,8.818508000151487251e-20
1.714849894460828352e+02,3.828161664837598327e-19
1.712475924443951101e+02,1.596372315390270388e-18
1.710108518199868115e+02,6.394798525112108116e-18
1.707747648543966648e+02,2.460754600037101741e-17
1.705393288441545963e+02,9.096168695430898891e-17
1.703045411006783354e+02,3.229962405418441595e-16
1.700703989501712101e+02,1.101755405102182552e-15
1.698368997335204256e+02,3.610120291036217240e-15
1.696040408061967355e+02,1.136336396623714629e-14
1.693718195381543126e+02,3.435903219735742534e-14
1.691402333137317839e+02,9.979842525444027016e-14
1.689092795315541764e+02,2.784551249857584681e-13
1.686789556044353731e+02,7.463379124927221183e-13
1.684492589592814795e+02,1.921606912762620719e-12
1.682201870369951564e+02,4.752721456005468165e-12
1.679917372923804635e+02,1.129194965055920637e-11
1.677639071940485849e+02,2.577177106230746035e-11
1.675366942243244068e+02,5.650259021686639483e-11
1.673100958791537209e+02,1.189984243584544509e-10
1.670841096680112514e+02,2.407480762794693514e-10
1.668587331138094214e+02,4.678786207821210819e-10
1.666339637528078299e+02,8.734787369519838254e-10
1.664097991345234391e+02,1.566463337375176393e-09
1.661862368216416712e+02,2.698589915547576627e-09
1.659632743899277614e+02,4.465831290529657221e-09
1.657409094281395880e+02,7.099315752927810882e-09
1.655191395379403048e+02,1.084125185311134489e-08
1.652979623338124497e+02,1.590344223250072586e-08
1.650773754429720270e+02,2.241050270977533917e-08
1.648573765052842077e+02,3.033617511513562746e-08
1.646379631731786048e+02,3.944743847614358003e-08
1.644191331115661399e+02,4.927487750479561782e-08
1.642008839977559944e+02,5.912634866586477720e-08
1.639832135213736137e+02,6.815305494631791306e-08
1.637661193842789089e+02,7.546374543334493580e-08
1.635495993004857667e+02,8.026757564055909226e-08
1.633336509960814169e+02,8.201451037085498558e-08
1.631182722091471362e+02,8.049891150533842015e-08
1.629034606896790081e+02,7.589935414327829374e-08
1.626892141995098484e+02,6.874401818432114141e-08
1.624755305122311881e+02,5.981092347597609996e-08
1.622624074131164491e+02,4.998904766564017018e-08
1.620498426990441203e+02,4.013451131510852647e-08
1.618378341784221561e+02,3.095350665320784232e-08
1.616263796711123177e+02,2.293245206663070359e-08
1.614154770083557935e+02,1.632074177162316024e-08
1.612051240326987340e+02,1.115778665937739956e-08
1.609953185979189243e+02,7.327654332171082422e-09
1.607860585689526545e+02,4.622752646855888976e-09
1.605773418218224151e+02,2.801464339888359424e-09
1.603691662435648198e+02,1.630866088628290866e-09
1.601615297321596074e+02,9.120113999176896030e-10
1.599544301964585600e+02,4.899265693924483567e-10
1.597478655561155563e+02,2.528194481187721277e-10
1.595418337415168821e+02,1.253252923547493221e-10
1.593363326937119098e+02,5.967820263648870487e-11
1.591313603643448289e+02,2.729867097271788119e-11
1.589269147155861788e+02,1.199543589911977894e-11
1.587229937200658298e+02,5.063366051975760681e-12
1.585195953608054822e+02,2.053106025697832315e-12
1.583167176311524145e+02,7.997093812481598246e-13
1.581143585347135456e+02,2.992276795184276975e-13
1.579125160852897523e+02,1.075523984245153266e-13
1.577111883068109535e+02,3.713532212598344343e-14
1.575103732332718494e+02,1.231694642350488430e-14
1.573100689086675459e+02,3.924349424759033033e-15
1.571102733869303734e+02,1.201105204428454282e-15
1.569109847318665345e+02,3.531369716932516324e-16
1.567122010170939745e+02,9.973649203601601172e-17
1.565139203259799672e+02,2.705912510226517875e-17
1.563161407515796384e+02,7.052160258745187071e-18
1.561188603965748598e+02,1.765547297293041354e-18
1.559220773732135399e+02,4.246051923690444669e-19
1.557257898032493983e+02,9.809344928183351919e-20
1.555299958178822806e+02,2.176925026816637121e-20
1.553346935576987278e+02,4.640830425251827875e-21
1.551398811726132294e+02,9.503787208921325094e-22
1.549455568218097596e+02,1.869593740037139432e-22
1.547517186736837687e+02,3.533335706144884522e-23
1.545583649057846856e+02,6.442611533122974800e-24
1.543654937047587339e+02,1.369559775373218208e-24
1.541731032662924292e+02,2.266225942836892001e-24
1.539811917950559916e+02,1.655819160483099634e-23
1.537897575046478096e+02,1.262347742504284485e-22
1.535987986175388187e+02,9.260941980707626566e-22
1.534083133650176194e+02,6.526751899952790894e-21
1.532182999871356799e+02,4.418651530948480119e-20
1.530287567326534202e+02,2.873642943934689579e-19
1.528396818589861255e+02,1.795255454847538261e-18
1.526510736321507125e+02,1.077382961420225066e-17
1.524629303267126090e+02,6.211040336440039043e-17
1.522752502257333447e+02,3.439608358644762991e-16
1.520880316207179703e+02,1.829801761804902659e-15
1.519012728115636719e+02,9.350815487270396888e-15
1.517149721065078154e+02,4.590345073698345184e-14
1.515291278220772710e+02,2.164669422641369785e-13
1.513437382830375384e+02,9.805917440500587190e-13
1.511588018223423830e+02,4.267124209012171647e-12
1.509743167810838429e+02,1.783744880053187451e-11
1.507902815084428028e+02,7.162763264896394752e-11
1.506066943616395406e+02,2.762987112690434967e-10
1.504235537058849559e+02,1.023829231274700888e-09
1.502408579143320821e+02,3.644404674022716495e-09
1.500586053680278553e+02,1.246166493226753822e-08
1.498767944558652516e+02,4.093322379144734475e-08
1.496954235745358801e+02,1.291594644179177589e-07
1.495144911284828595e+02,3.914956374866906068e-07
1.493339955298539792e+02,1.139929583864210286e-06
1.491539351984553150e+02,3.188449399458001286e-06
1.489743085617050440e+02,8.567052738888813668e-06
1.487951140545877422e+02,2.211229190876078880e-05
1.486163501196087680e+02,5.482599030713781861e-05
1.484380152067494123e+02,1.305838951144881255e-04
1.482601077734218222e+02,2.987742471148877661e-04
1.480826262844246912e+02,6.566699016212174892e-04
1.479055692118990919e+02,1.386441245207857033e-03
1.477289350352845076e+02,2.811941215122326296e-03
1.475527222412754611e+02,5.478496820816977989e-03
1.473769293237781994e+02,1.025337874403303186e-02
1.472015547838677776e+02,1.843414482569096652e-02
1.470265971297455962e+02,3.183679933240939064e-02
1.468520548766968830e+02,5.281851840568026202e-02
1.466779265470488554e+02,8.417699916124284087e-02
1.465042106701289697e+02,1.288697761718918811e-01
1.463309057822235388e+02,1.895217767443066748e-01
1.461580104265365208e+02,2.677426604744009286e-01
1.459855231531489039e+02,3.633510673711185524e-01
1.458134425189779790e+02,4.736807291953867294e-01
1.456417670877371791e+02,5.931921615299156070e-01
1.454704954298960615e+02,7.136010843168979489e-01
1.452996261226408308e+02,8.246430624815135335e-01
1.451291577498345191e+02,9.154337691946484723e-01
1.449590889019784470e+02,9.761987765966243513e-01
1.447894181761728021e+02,1.000000000000000000e+00
1.446201441760784405e+02,9.840386393712877711e-01
1.444512655118784323e+02,9.301965287610588495e-01
1.442827808002400616e+02,8.446712026542858576e-01
1.441146886642769971e+02,7.368024688465284466e-01
1.439469877335119463e+02,6.173975013687139635e-01
1.437796766438391955e+02,4.969687417347866121e-01
1.436127540374877185e+02,3.842763791653099892e-01
1.434462185629845692e+02,2.854359804965143632e-01
1.432800688751181895e+02,2.036686358706955580e-01
1.431143036349022850e+02,1.396014735771871906e-01
1.429489215095399288e+02,9.191920526329833141e-02
1.427839211723876929e+02,5.813971909527875653e-02
1.426193013029203769e+02,3.532563745419088630e-02
1.424550605866955379e+02,2.061852034701831121e-02
1.422911977153187308e+02,1.156046740520382324e-02
1.421277113864085777e+02,6.226495822576132502e-03
1.419646003035623778e+02,3.221531770182548948e-03
1.418018631763218593e+02,1.601148267866808750e-03
1.416394987201389881e+02,7.644535789717725504e-04
1.414775056563423732e+02,3.506075593212930699e-04
1.413158827121035870e+02,1.544695947501271191e-04
1.411546286204037983e+02,6.537666343880597312e-05
1.409937421200007748e+02,2.658292281987059563e-05
1.408332219553959419e+02,1.039106807051015008e-05
1.406730668768016130e+02,3.921127970834885709e-06
1.405132756401088159e+02,1.467131833185015992e-06
1.403538470068548065e+02,6.310121828803754574e-07
1.401947797441912371e+02,4.795024737542039561e-07
1.400360726248523235e+02,7.207274303744142024e-07
1.398777244271232973e+02,1.368810831429757978e-06
1.397197339348090281e+02,2.632960691346987740e-06
1.395620999372029303e+02,4.906324302707929171e-06
1.394048212290560400e+02,8.794167092109401153e-06
1.392478966105461495e+02,1.514550274249829347e-05
1.390913248872475663e+02,2.505807312718487287e-05
1.389351048701005880e+02,3.982656193765495836e-05
1.387792353753814609e+02,6.080723176327976697e-05
1.386237152246725373e+02,8.918523101177963229e-05
1.384685432448325741e+02,1.256563852305771244e-04
1.383137182679670332e+02,1.700705178076060951e-04
1.381592391313991470e+02,2.211187259358098566e-04
1.380051046776404746e+02,2.761680095132840705e-04
1.378513137543621383e+02,3.313386117896920720e-04
1.376978652143662316e+02,3.818749239463481784e-04
1.375447579155569997e+02,4.227857244833708224e-04
1.373919907209127302e+02,4.496445186147991833e-04
1.372395624984575591e+02,4.593755698307522848e-04
1.370874721212334748e+02,4.508332307298979543e-04
1.369357184672725793e+02,4.250237937082962034e-04
1.367843004195694050e+02,3.849104985023870198e-04
1.366332168660536865e+02,3.348539094666158687e-04
1.364824666995630480e+02,2.798337069417171363e-04
1.363320488178158314e+02,2.246433966616040185e-04
1.361819621233844657e+02,1.732352329498123710e-04
1.360322055236686083e+02,1.283298516517391999e-04
1.358827779308686274e+02,9.132044782054694789e-05
1.357336782619593976e+02,6.242480909541487711e-05
1.355849054386640091e+02,4.099163541092771217e-05
1.354364583874278480e+02,2.585723518923383786e-05
1.352883360393927319e+02,1.566815042112179975e-05
1.351405373303712736e+02,9.120154093623053469e-06
1.349930612008213870e+02,5.099591752042347407e-06
1.348459065958209067e+02,2.739160169842274530e-06
1.346990724650426330e+02,1.413345125290029571e-06
1.345525577627291227e+02,7.005317096080020948e-07
1.344063614476679334e+02,3.335463129425003181e-07
1.342604824831670101e+02,1.525573936676703627e-07
1.341149198370301576e+02,6.702844514261878469e-08
1.339696724815326547e+02,2.829005532944592578e-08
1.338247393933970670e+02,1.146983615878645410e-08
1.336801195537693729e+02,4.467138282074718006e-09
1.335358119481947483e+02,1.671284335372132861e-09
1.333918155665942606e+02,6.006480233778036724e-10
1.332481294032409949e+02,2.073664652155435689e-10
1.331047524567367475e+02,6.877106654565409216e-11
1.329616837299887493e+02,2.190895971948814805e-11
1.328189222301866437e+02,6.704810627289811975e-12
1.326764669687793798e+02,1.971060872597761665e-12
1.325343169614524470e+02,5.566245016480023526e-13
1.323924712281051939e+02,1.509987538491298571e-13
1.322509287928284039e+02,3.934895185113545031e-14
1.321096886838817284e+02,9.850124843721381824e-15
1.319687499336716030e+02,2.368640019306573677e-15
1.318281115787291355e+02,5.471484225361855570e-16
1.316877726596879938e+02,1.214115493971755967e-16
1.315477322212628906e+02,2.587996069575972499e-17
1.314079893122275280e+02,5.299269230437715548e-18
1.312685429853934522e+02,1.042358512821075661e-18
1.311293922975883390e+02,1.969550005315579694e-19
1.309905363096348765e+02,3.574914560733166034e-20
1.308519740863296477e+02,6.233229004175516643e-21
1.307137046964220417e+02,1.044021061298170708e-21
1.305757272125935629e+02,1.679786930379098649e-22
1.304380407114368552e+02,2.596258293595152316e-23
1.303006442734352675e+02,3.854697984929386146e-24
1.301635369829423894e+02,5.497706838833211640e-25
1.300267179281616734e+02,7.532195081567749635e-26
1.298901862011261699e+02,9.913118700149887871e-27
1.297539408976785467e+02,1.253279975137815062e-27
1.296179811174510235e+02,1.522141131659727181e-28
1.294823059638456471e+02,1.781733483791094084e-29
1.293469145440144814e+02,2.468840075984541479e-30
1.292118059688400535e+02,3.863592357335557561e-30
1.290769793529159983e+02,2.673935630612124416e-29
1.289424338145275328e+02,1.878967310637540762e-28
1.288081684756323568e+02,1.269364270354047473e-27
1.286741824618414682e+02,8.237722333111477125e-27
1.285404749024003479e+02,5.135432063871946460e-26
1.284070449301698886e+02,3.075358279215239633e-25
1.282738916816077790e+02,1.769144628948955847e-24
1.281410142967498871e+02,9.776419938530779887e-24
1.280084119191915875e+02,5.189735782434594635e-23
1.278760836960695570e+02,2.646424676394164618e-22
1.277440287780433863e+02,1.296351328274848752e-21
1.276122463192774603e+02,6.100069548136895496e-21
1.274807354774228116e+02,2.757374443072193820e-20
1.273494954135992856e+02,1.197307203495437554e-19
1.272185252923776062e+02,4.994181652318502447e-19
1.270878242817617263e+02,2.001114616696589618e-18
1.269573915531711208e+02,7.702442830545712371e-18
1.268272262814233926e+02,2.847960050201669013e-17
1.266973276447167507e+02,1.011551951635418020e-16
1.265676948246128575e+02,3.451368902753723022e-16
1.264383270060194207e+02,1.131210587395792054e-15
1.263092233771734101e+02,3.561594161142689868e-15
1.261803831296238059e+02,1.077194904088922966e-14
1.260518054582148437e+02,3.129630314444825685e-14
1.259234895610692320e+02,8.734552901252385964e-14
1.257954346395715248e+02,2.341732100271386993e-13
1.256676398983514105e+02,6.030906967334103540e-13
1.255401045452674822e+02,1.492027882138149280e-12
1.254128277913906118e+02,3.545848198921026551e-12
1.252858088509878485e+02,8.094913815419935109e-12
1.251590469415061762e+02,1.775224199953147189e-11
1.250325412835565402e+02,3.739754384606975836e-11
1.249062911008977323e+02,7.568012498334808373e-11
1.247802956204205742e+02,1.471192463129313398e-10
1.246545540721322425e+02,2.747299659112508977e-10
1.245290656891403813e+02,4.928235619730150795e-10
1.244038297076376836e+02,8.492308934249973752e-10
1.242788453668862729e+02,1.405752925685960132e-09
1.241541119092023848e+02,2.235327173967267800e-09
1.240296285799410754e+02,3.414460473046134419e-09
1.239053946274808879e+02,5.010164340884722081e-09
1.237814093032088039e+02,7.062049281490653215e-09
1.236576718615051931e+02,9.562212845106100766e-09
1.235341815597288928e+02,1.243755342293110608e-08
1.234109376582022861e+02,1.554033591672520989e-08
1.232879394201966079e+02,1.865240065021028257e-08
1.231651861119172082e+02,2.150591668421202292e-08
1.230426770024890004e+02,2.381935914905573453e-08
1.229204113639418949e+02,2.534259463066967054e-08
1.227983884711964464e+02,2.590126475957452193e-08
1.226766076020494864e+02,2.542961328949059179e-08
1.225550680371599270e+02,2.398321666117576676e-08
1.224337690600345212e+02,2.172821230549210299e-08
1.223127099570137943e+02,1.890990955649951413e-08
1.221918900172580891e+02,1.580897809100968572e-08
1.220713085327336245e+02,1.269600351033898453e-08
1.219509647981987257e+02,9.794429857615251792e-09
1.218308581111899542e+02,7.258387957482981013e-09
1.217109877720085223e+02,5.167138286622536812e-09
1.215913530837067356e+02,3.533530808453441489e-09
1.214719533520743795e+02,2.321221423705047937e-09
1.213527878856254461e+02,1.464782519783616623e-09
1.212338559955845483e+02,8.879297707033161708e-10
1.211151569958739458e+02,5.170505167303620700e-10
1.209966902031001013e+02,2.892252639040870627e-10
1.208784549365407059e+02,1.554133657462308116e-10
1.207604505181316057e+02,8.022124472546598933e-11
1.206426762724537980e+02,3.977766785133682086e-11
1.205251315267206564e+02,1.894689848306647823e-11
1.204078156107649278e+02,8.669335888536223798e-12
1.202907278570262122e+02,3.810503999418398585e-12
1.201738676005381166e+02,1.608895749157372669e-12
1.200572341789158912e+02,6.525627464647846236e-13
1.199408269323435974e+02,2.542526806385270633e-13
1.198246452035619569e+02,9.516071451255451548e-14
